{"Game":"Stellaris","IsSelected":true,"MergedFolderName":null,"ModIds":[{"ParadoxId":null,"SteamId":1995601384},{"ParadoxId":null,"SteamId":1688887083},{"ParadoxId":null,"SteamId":2994821528},{"ParadoxId":null,"SteamId":1591095271},{"ParadoxId":null,"SteamId":1328104435},{"ParadoxId":null,"SteamId":1878473679},{"ParadoxId":null,"SteamId":2946998538},{"ParadoxId":null,"SteamId":3243319558},{"ParadoxId":null,"SteamId":3079374348},{"ParadoxId":null,"SteamId":1420418591},{"ParadoxId":null,"SteamId":1343070826},{"ParadoxId":null,"SteamId":1279836097},{"ParadoxId":null,"SteamId":1383580181},{"ParadoxId":null,"SteamId":1545833973},{"ParadoxId":null,"SteamId":697938908},{"ParadoxId":null,"SteamId":2816453449},{"ParadoxId":null,"SteamId":1289697468},{"ParadoxId":null,"SteamId":703156866},{"ParadoxId":null,"SteamId":1381214767},{"ParadoxId":null,"SteamId":1435832483},{"ParadoxId":null,"SteamId":3209505298},{"ParadoxId":null,"SteamId":902204956},{"ParadoxId":null,"SteamId":1227620643},{"ParadoxId":null,"SteamId":682090850},{"ParadoxId":null,"SteamId":2947031339},{"ParadoxId":null,"SteamId":2784515597},{"ParadoxId":null,"SteamId":2574175110},{"ParadoxId":null,"SteamId":1224507727},{"ParadoxId":null,"SteamId":873063455},{"ParadoxId":null,"SteamId":2807778592},{"ParadoxId":null,"SteamId":702642950},{"ParadoxId":null,"SteamId":1900830460},{"ParadoxId":null,"SteamId":2627609414},{"ParadoxId":null,"SteamId":3062038863},{"ParadoxId":null,"SteamId":2948301103},{"ParadoxId":null,"SteamId":865040033},{"ParadoxId":null,"SteamId":1242221332},{"ParadoxId":null,"SteamId":1128927140},{"ParadoxId":null,"SteamId":1085907846},{"ParadoxId":null,"SteamId":1085097357},{"ParadoxId":null,"SteamId":2976235256},{"ParadoxId":null,"SteamId":1599741131},{"ParadoxId":null,"SteamId":1278767755},{"ParadoxId":null,"SteamId":2087390165},{"ParadoxId":null,"SteamId":1395096076},{"ParadoxId":null,"SteamId":2088373815},{"ParadoxId":null,"SteamId":1210945403},{"ParadoxId":null,"SteamId":1212536129},{"ParadoxId":null,"SteamId":3207173590},{"ParadoxId":null,"SteamId":1239558744},{"ParadoxId":null,"SteamId":3163759042},{"ParadoxId":null,"SteamId":2077186491},{"ParadoxId":null,"SteamId":727000451},{"ParadoxId":null,"SteamId":1641807098},{"ParadoxId":null,"SteamId":3110808560},{"ParadoxId":null,"SteamId":2025131190},{"ParadoxId":null,"SteamId":684454645},{"ParadoxId":null,"SteamId":2786433643},{"ParadoxId":null,"SteamId":3010679376},{"ParadoxId":null,"SteamId":819148835},{"ParadoxId":null,"SteamId":3241119393},{"ParadoxId":null,"SteamId":1732437279},{"ParadoxId":null,"SteamId":2284514368},{"ParadoxId":null,"SteamId":1732447147},{"ParadoxId":null,"SteamId":1740165239},{"ParadoxId":null,"SteamId":3173239930},{"ParadoxId":null,"SteamId":3039370479},{"ParadoxId":null,"SteamId":2158207688},{"ParadoxId":null,"SteamId":2951560673},{"ParadoxId":null,"SteamId":2815767345},{"ParadoxId":null,"SteamId":1506079443},{"ParadoxId":null,"SteamId":900079667},{"ParadoxId":null,"SteamId":1747995732},{"ParadoxId":null,"SteamId":1623423360},{"ParadoxId":null,"SteamId":2948200528},{"ParadoxId":null,"SteamId":1780481482},{"ParadoxId":null,"SteamId":2066393985},{"ParadoxId":null,"SteamId":1623423504},{"ParadoxId":null,"SteamId":1628912584},{"ParadoxId":null,"SteamId":1880893750},{"ParadoxId":null,"SteamId":1993018111},{"ParadoxId":null,"SteamId":2978032655},{"ParadoxId":null,"SteamId":904956708},{"ParadoxId":null,"SteamId":1219880447},{"ParadoxId":null,"SteamId":911635167},{"ParadoxId":null,"SteamId":1595876588},{"ParadoxId":null,"SteamId":2807759164}],"ModNames":["~~Ariphaos Unofficial Patch (3.12)","!!Universal Modifier Patch (3.12.*)","Expanded Mods Base","40k Lord Commissar advisor","Abathur Voice Advisor","Amazing Space Battles","Any Color Can Spawn","Arc Furnace System Locator +","Archaeology Story Pack 3.12","Backgrounds+ Anomalies","Backgrounds+ Leaders","Backgrounds+ Loading Screens","Backgrounds+ Planetview","Backgrounds+ Vanilla Add-on","Beautiful Universe v2.0","Better Faction Info","Better Leader Level Icons Silver & Gold Edition","Cinematic Camera","Colored Map Icons","Detailed Tech Tooltips Remastered","Diverse Preset Empires (3.11)","Diverse Rooms","Dynamic Political Events","Expanded Colours [180 Colours]","Any Color Can Spawn - Expanded Colours Patch","EUTAB - Ethos Unique Techs and Buildings | Unofficial Update (3.12.X)","Expanded Espionage and Diplomacy","Extended Soundtrack","Extended Vanilla Clothes","Extra Events 3.12 Continued","Flag Background Pack","Flags in the void","Fatal Foundations Story Pack [3.10]","Forgotten Empires 3.12","Full Tiny Outliner","Guilli's Planet Modifiers and Features","Immersive Galaxy - Bugfix","Immersive Galaxy - Planet Variety for Planetary Diversity","Immersive Galaxy - Planet Variety, 2K","Immersive Galaxy - Planet Variety, Clouds","Improved Leaders View (UI)","Improved Music Player","Improved Music Player & Dark UI Fix","Just More Empires 3.11.x (Expanded)","Just More Flags (Achievement Compatible)","Just More Traits 3.x","Just Name Lists","Just Star Names","LLX's Mods - Compiled Dimorphism (3.11.2 'Eridanus')","LR303's GLaDOS Advisor","Machines & Robot Expansion Continued","Machine Shipset","More Events Mod","Expanded Events","More Enclaves","More Origins Mod","Music Pack","FTL Full OST","Into The Breach OST","Planetary Diversity","Planetary Diversity - Ascension Worlds","Planetary Diversity - Exotic Worlds","Planetary Diversity - Gaia Worlds","Planetary Diversity - More Arcologies","Planetary Diversity - Unique Worlds","Planetary Diversity - Vanilla Replacements","Precursor Selection","Guillified Precursor Story Pack (Compat Patch)","Silver Emblems","Smarter Hyper Relays: Improved AI (shrimpAI)","Softer Hyperlanes","TehT_FlagPack","Tier Numbers: Buildings","UI Overhaul Dynamic","UI Overhaul Dynamic + Any Color Can Spawn - Expanded Colours","UI Overhaul Dynamic - Extended Topbar","UI Overhaul Dynamic + Expanded Colours","UI Overhaul Dynamic + Planetary Diversity","UI Overhaul Dynamic + Tiny Outliner v2","UI Overhaul Dynamic - Checksum Schism Version","UI Overhaul Dynamic - Dark UI","UI Overhaul Dynamic + Improved Leaders View","Dark UI","Dark UI & Expanded Colours 180 Color Picker Fix","Dark U1 - Blue Buttons","!!!Universal Resource Patch [2.4+]","! The Merger of Rules 3.12"],"ModPaths":null,"Mods":["mod/ugc_1995601384.mod","mod/ugc_1688887083.mod","mod/ugc_2994821528.mod","mod/ugc_1591095271.mod","mod/ugc_1328104435.mod","mod/ugc_1878473679.mod","mod/ugc_2946998538.mod","mod/ugc_3243319558.mod","mod/ugc_3079374348.mod","mod/ugc_1420418591.mod","mod/ugc_1343070826.mod","mod/ugc_1279836097.mod","mod/ugc_1383580181.mod","mod/ugc_1545833973.mod","mod/ugc_697938908.mod","mod/ugc_2816453449.mod","mod/ugc_1289697468.mod","mod/ugc_703156866.mod","mod/ugc_1381214767.mod","mod/ugc_1435832483.mod","mod/ugc_3209505298.mod","mod/ugc_902204956.mod","mod/ugc_1227620643.mod","mod/ugc_682090850.mod","mod/ugc_2947031339.mod","mod/ugc_2784515597.mod","mod/ugc_2574175110.mod","mod/ugc_1224507727.mod","mod/ugc_873063455.mod","mod/ugc_2807778592.mod","mod/ugc_702642950.mod","mod/ugc_1900830460.mod","mod/ugc_2627609414.mod","mod/ugc_3062038863.mod","mod/ugc_2948301103.mod","mod/ugc_865040033.mod","mod/ugc_1242221332.mod","mod/ugc_1128927140.mod","mod/ugc_1085907846.mod","mod/ugc_1085097357.mod","mod/ugc_2976235256.mod","mod/ugc_1599741131.mod","mod/ugc_1278767755.mod","mod/ugc_2087390165.mod","mod/ugc_1395096076.mod","mod/ugc_2088373815.mod","mod/ugc_1210945403.mod","mod/ugc_1212536129.mod","mod/ugc_3207173590.mod","mod/ugc_1239558744.mod","mod/ugc_3163759042.mod","mod/ugc_2077186491.mod","mod/ugc_727000451.mod","mod/ugc_1641807098.mod","mod/ugc_3110808560.mod","mod/ugc_2025131190.mod","mod/ugc_684454645.mod","mod/ugc_2786433643.mod","mod/ugc_3010679376.mod","mod/ugc_819148835.mod","mod/ugc_3241119393.mod","mod/ugc_1732437279.mod","mod/ugc_2284514368.mod","mod/ugc_1732447147.mod","mod/ugc_1740165239.mod","mod/ugc_3173239930.mod","mod/ugc_3039370479.mod","mod/ugc_2158207688.mod","mod/ugc_2951560673.mod","mod/ugc_2815767345.mod","mod/ugc_1506079443.mod","mod/ugc_900079667.mod","mod/ugc_1747995732.mod","mod/ugc_1623423360.mod","mod/ugc_2948200528.mod","mod/ugc_1780481482.mod","mod/ugc_2066393985.mod","mod/ugc_1623423504.mod","mod/ugc_1628912584.mod","mod/ugc_1880893750.mod","mod/ugc_1993018111.mod","mod/ugc_2978032655.mod","mod/ugc_904956708.mod","mod/ugc_1219880447.mod","mod/ugc_911635167.mod","mod/ugc_1595876588.mod","mod/ugc_2807759164.mod"],"Name":"Stellaris - DaTroll's Collection EXPANDED","PatchModEnabled":false}